1750244899.9441056,-4122
1750244899.9864023,-4760
1750244899.9877393,-7937
1750244899.9941583,-7071
1750244900.0076337,1903
1750244900.0500152,14154
1750244900.0505836,-17595
1750244900.0506542,-17251
1750244900.0507247,-11745
1750244900.0507946,-4006
1750244900.050864,1876
1750244900.0509343,4610
1750244900.0510037,2986
1750244900.0510726,-137
1750244900.051142,-2349
1750244900.0512116,-586
1750244900.051281,4539
1750244900.0513544,8758
1750244900.0514228,8821
1750244900.0514958,3452
1750244900.0515642,-3947
1750244900.051633,-7250
1750244900.051701,-2953
1750244900.0517695,5101
1750244900.0518386,9079
1750244900.0519063,5127
1750244900.0519753,-2563
1750244900.0520437,-6165
1750244900.0521114,-3186
1750244900.052179,1359
1750244900.0522492,201
1750244900.0523152,-6347
1750244900.0523834,-12074
1750244900.0524514,-11006
1750244900.0525215,-4165
1750244900.0525887,676
1750244900.052658,1061
1750244900.052726,-720
1750244900.0527937,202
1750244900.052862,1973
1750244900.052931,413
1750244900.053,-6052
1750244900.0530689,-12124
1750244900.053138,-11257
1750244900.0532124,-3911
1750244900.0532882,1603
1750244900.0533638,809
1750244900.0534387,-3873
1750244900.0535154,-6047
1750244900.0535915,-4258
1750244900.0536675,-2561
1750244900.0537438,-4513
1750244900.0538201,-7093
1750244900.0641782,-6950
1750244900.0740721,-3246
1750244900.0820062,133
1750244900.0824044,361
1750244900.0825155,-2111
1750244900.082622,-5313
1750244900.0827272,-7708
1750244900.0828326,-7636
1750244900.0829322,-4494
1750244900.0830154,-983
1750244900.083095,-2230
1750244900.083175,-11180
1750244900.083254,-23416
1750244900.083332,-30139
1750244900.0834107,-26963
1750244900.0834892,-17713
1750244900.083568,-9277
1750244900.0836468,-3905
1750244900.0992715,465
1750244900.1028833,4321
1750244900.102994,4928
1750244900.1034448,-53
1750244900.1036756,-8003
1750244900.1037755,-12844
1750244900.1038823,-10506
1750244900.1043663,-2080
1750244900.1044874,6912
1750244900.1045916,10199
1750244900.1046908,4121
1750244900.1047893,-7903
1750244900.1063788,-18425
1750244900.106868,-19780
1750244900.1069503,-12037
1750244900.1072214,-2342
1750244900.10731,2729
1750244900.107398,3836
1750244900.1075027,3876
1750244900.107582,4006
1750244900.1076665,158
1750244900.1077497,-8385
1750244900.1078355,-15231
1750244900.1082091,-13663
1750244900.108284,-5195
1750244900.108387,1588
1750244900.108482,898
1750244900.1085622,-3843
1750244900.1086464,-5320
1750244900.1087265,-2266
1750244900.108869,-228
1750244900.1089494,-3799
1750244900.1090322,-9514
1750244900.1091123,-10144
1750244900.1091979,-4596
1750244900.1092772,462
1750244900.1093633,-927
1750244900.109463,-6166
1750244900.1095543,-7686
1750244900.109647,-3364
1750244900.1273246,901
1750244900.1321795,-1239
1750244900.1322489,-7655
1750244900.1323216,-10289
1750244900.1323886,-5773
1750244900.132458,-906
1750244900.132528,-1705
1750244900.1325982,-7077
1750244900.1412742,-9779
1750244900.1414707,-5375
1750244900.1415813,85
1750244900.1416903,145
1750244900.1418002,-6263
1750244900.1420343,-10759
1750244900.1422455,-9064
1750244900.142559,-3707
1750244900.1427946,-1371
1750244900.1430528,-3961
1750244900.1433222,-6797
1750244900.1436362,-5528
1750244900.1439142,-1460
1750244900.1440246,236
1750244900.1441824,-2984
1750244900.1451163,-8125
1750244900.1547377,-9977
1750244900.1548746,-6036
1750244900.1553388,1122
1750244900.1554213,6717
1750244900.1555023,7720
1750244900.1555817,4440
1750244900.1556687,382
1750244900.1557326,576
1750244900.1557994,7613
1750244900.1558585,18038
1750244900.1559212,24018
1750244900.1559873,19781
1750244900.1560528,7130
1750244900.1561172,-4850
1750244900.1561825,-8382
1750244900.1562407,-5181
1750244900.1563041,-4064
1750244900.1563694,-10581
1750244900.1564338,-18971
1750244900.156499,-20611
1750244900.156564,-13366
1750244900.1566284,-1515
1750244900.1566935,5062
1750244900.1567583,7161
1750244900.1568227,6767
1750244900.1568882,6924
1750244900.1569526,2421
1750244900.1570177,-5838
1750244900.1570826,-14142
1750244900.1571472,-15828
1750244900.1572375,-10473
1750244900.1573172,-3370
1750244900.1573951,152
1750244900.1574733,461
1750244900.1575515,782
1750244900.1576304,1406
1750244900.1576955,-3
1750244900.1577601,-2768
1750244900.1578252,-2917
1750244900.1578999,2087
1750244900.1579773,7820
1750244900.1580544,7117
1750244900.1581323,279
1750244900.158211,-5386
1750244900.1584566,-3073
1750244900.158678,4415
1750244900.1588683,10328
1750244900.1590822,9964
1750244900.1593175,4754
1750244900.159522,-1630
1750244900.1597373,-5770
1750244900.1600783,-6882
1750244900.1605935,-3792
1750244900.161462,156
1750244900.16156,737
1750244900.1616402,-5469
1750244900.16172,-13313
1750244900.161801,-14776
1750244900.1618805,-8140
1750244900.1619604,166
1750244900.1620395,2375
1750244900.1621192,165
1750244900.1621976,-1232
1750244900.1622775,1487
1750244900.1623569,2448
1750244900.162434,-2253
1750244900.1625128,-10338
1750244900.1625912,-14277
1750244900.1626701,-10912
1750244900.1627483,-4325
1750244900.162827,-1300
1750244900.162906,-2380
1750244900.1629837,-3068
1750244900.163062,296
1750244900.1631417,5883
1750244900.1632216,8112
1750244900.1633003,2829
1750244900.1633787,-8343
1750244900.163458,-18242
1750244900.163538,-21585
1750244900.1636174,-18238
1750244900.163695,-11675
1750244900.1637747,-4232
1750244900.1638665,2921
1750244900.1639304,9053
1750244900.1648018,10308
1750244900.1648834,4680
1750244900.1649618,-1510
1750244900.1650426,2025
1750244900.1657786,14651
1750244900.1659749,24937
1750244900.166147,21016
1750244900.1663759,4751
1750244900.1665587,-11540
1750244900.1667821,-18322
1750244900.1669595,-18182
1750244900.167136,-12994
1750244900.1673386,-2604
1750244900.1675062,12872
1750244900.1717327,26884
1750244900.1721,28361
1750244900.172204,16790
1750244900.1724067,4192
1750244900.1725094,1174
1750244900.172613,4832
1750244900.1727157,3684
1750244900.1728177,-6651
1750244900.1729198,-17544
1750244900.1730227,-19334
1750244900.173125,-12886
1750244900.1732278,-6345
1750244900.1733427,-5256
1750244900.1734452,-6893
1750244900.1735475,-5024
1750244900.1736493,279
1750244900.1737514,3909
1750244900.1738658,2622
1750244900.1739695,2209
1750244900.1740718,7945
1750244900.174174,17575
1750244900.1742764,24174
1750244900.174379,20259
1750244900.1744816,9026
1750244900.1745842,-207
1750244900.1747105,-3601
1750244900.1752427,-7224
1750244900.1757724,-15659
1750244900.1758792,-23034
1750244900.1759832,-20582
1750244900.1760876,-6045
1750244900.1761913,8386
1750244900.1762948,10682
1750244900.1766536,4465
1750244900.176793,1208
1750244900.1768978,6552
1750244900.1770008,12625
1750244900.1771038,8924
1750244900.1772354,-926
1750244900.1773472,-4402
1750244900.1774504,2925
1750244900.1775534,12131
1750244900.1776571,10504
1750244900.1777637,-2891
1750244900.177868,-15268
1750244900.177971,-15322
1750244900.178074,-4212
1750244900.1781769,7300
1750244900.1782799,11514
1750244900.1783829,8196
1750244900.1784859,1985
1750244900.1785886,-4589
1750244900.1786926,-8341
1750244900.1787956,-7022
1750244900.1788998,-717
1750244900.1790051,4391
1750244900.1791086,1886
1750244900.18126,-6224
1750244900.1832807,-12421
1750244900.1833901,-8334
1750244900.1834946,1891
1750244900.183598,7845
1750244900.1837013,3489
1750244900.1838048,-3301
1750244900.183928,-3900
1750244900.184032,691
1750244900.1841354,1533
1750244900.184239,-3583
1750244900.1843414,-6109
1750244900.1844442,2981
1750244900.1845472,15744
1750244900.1846504,17649
1750244900.185154,5031
1750244900.1854596,-8417
1750244900.185564,-8815
1750244900.1856668,320
1750244900.1857696,3801
1750244900.1858728,-3420
1750244900.1859765,-9993
1750244900.1860793,-3485
1750244900.1861823,12056
1750244900.2861109,19360
1750244900.3500607,9590
1750244900.408815,-7113
1750244900.4246194,-13454
1750244900.435544,-4723
1750244900.4356833,7734
1750244900.4360027,11926
1750244900.4367387,6764
1750244900.4487777,-2768
1750244900.5312197,-11181
1750244900.6581378,-16217
1750244900.710263,-15674
1750244900.7746649,-7473
1750244900.8423448,6433
1750244900.883254,16492
1750244900.9475496,11909
1750244901.0483124,-4171
1750244901.1522262,-16274
1750244901.220824,-10152
1750244901.324698,9852
1750244901.3456814,24359
1750244901.3727238,19168
1750244901.4216864,1406
1750244901.5899723,-9730
1750244901.5969017,-3289
1750244901.5976827,11371
1750244901.5983844,18316
1750244901.598462,11167
1750244901.6106062,-427
1750244901.6119626,-3564
1750244901.6132503,3115
1750244901.613339,10723
1750244901.6134236,14109
1750244901.613508,14407
1750244901.613592,16149
1750244901.6137047,18246
1750244901.6138084,17655
1750244901.6146297,16604
1750244901.614772,18100
1750244901.614898,18854
1750244901.615023,12609
1750244901.6151693,-3522
1750244901.6152954,-18374
1750244901.6154208,-19019
1750244901.6155632,-5093
1750244901.6156871,10919
1750244901.6158116,14723
1750244901.6159544,4770
1750244901.6160831,-8731
1750244901.6162086,-14711
1750244901.6163242,-12391
1750244901.6164577,-7864
1750244901.6165729,-3833
1750244901.6168587,-3449
1750244901.6201382,-6202
1750244901.6202264,-7709
1750244901.620313,-3695
1750244901.6204245,8127
1750244901.6205864,20408
1750244901.6208708,20882
1750244901.6209433,6358
1750244901.6210158,-11673
1750244901.6210887,-17851
1750244901.6211603,-9313
1750244901.6213067,4256
1750244901.6215014,10070
1750244901.621689,8042
1750244901.6218565,3694
1750244901.6220129,2048
1750244901.6226346,-1118
1750244901.6228006,-5067
1750244901.6229444,-6706
1750244901.6231704,-2264
1750244901.6233175,5258
1750244901.6235561,8220
1750244901.6240504,5718
1750244901.6241395,4469
1750244901.6242225,7008
1750244901.6242888,9074
1750244901.6245515,4219
1750244901.6247673,-5172
1750244901.6249688,-9411
1750244901.6251688,-4551
1750244901.6254165,3549
1750244901.625614,6419
1750244901.6258013,3192
1750244901.6260333,-7
1750244901.6262374,871
1750244901.6264508,3037
1750244901.6266625,-163
1750244901.6268792,-7661
1750244901.6270764,-12996
1750244901.6273236,-10221
1750244901.7072992,1004
1750244901.707468,13560
1750244901.7076125,17569
1750244901.757428,10202
1750244901.7684922,-3389
1750244901.7685816,-12656
1750244901.7686627,-9994
1750244901.768732,4067
1750244901.768801,18599
1750244901.7688692,24132
1750244901.7689366,18101
1750244901.7690024,5822
1750244901.769072,-5677
1750244901.76914,-10794
1750244901.7692063,-6129
1750244901.7692738,6990
1750244901.7693415,21253
1750244901.7694082,24545
1750244901.769476,12354
1750244901.7695446,-7355
1750244901.7696242,-20450
1750244901.7696917,-17616
1750244901.7697625,-3027
1750244901.7698317,11494
1750244901.7699049,16960
1750244901.7699714,11843
1750244901.7700374,965
1750244901.7701042,-9286
1750244901.77017,-13994
1750244901.7702365,-10765
1750244901.7703037,-3517
1750244901.7703714,2890
1750244901.7888236,6395
1750244901.790004,8705
1750244901.8008504,10655
1750244901.8262851,10892
1750244901.8285034,8142
1750244901.8286014,7625
1750244901.8286848,14043
1750244901.8287668,24184
1750244901.8288486,26447
1750244901.8289306,13929
1750244901.8290117,-4481
1750244901.829094,-14940
1750244901.8291757,-13844
1750244901.829257,-10211
1750244901.829338,-9900
1750244901.8294194,-7094
1750244901.8295002,7726
1750244901.8295817,28560
1750244901.8296628,-27983
1750244901.8297439,24460
1750244901.8300383,2002
1750244901.8301198,-11669
1750244901.830201,-11633
1750244901.8302824,-9734
1750244901.8303642,-14123
1750244901.830448,-17012
1750244901.830557,-9835
1750244901.8306391,1781
1750244901.8307204,2298
1750244901.8308017,-12868
1750244901.8308825,-26255
1750244901.8309643,-20820
1750244901.8310456,-138
1750244901.8311267,16301
1750244901.831208,16665
1750244901.8312893,10865
1750244901.8313704,13273
1750244901.8314514,22362
1750244901.8315315,21661
1750244901.831611,3933
1750244901.8316898,-16897
1750244901.8317716,-21645
1750244901.8318477,-8932
1750244901.8319175,4730
1750244901.8319974,5249
1750244901.832077,-4343
1750244901.832157,-11126
1750244901.8322282,-12363
1750244901.832296,-13252
1750244901.8323736,-16629
1750244901.8324654,-17373
1750244901.8325484,-8410
1750244901.8326285,5487
1750244901.8327084,13527
1750244901.832789,10948
1750244901.832869,5473
1750244901.832949,6417
1750244901.8330288,12892
1750244901.8331096,15962
1750244901.83319,9231
1750244901.8332698,-1839
1750244901.833355,-7117
1750244901.833435,-2563
1750244901.833515,6929
1750244901.833595,13927
1750244901.8336747,15185
1750244901.8337543,13823
1750244901.8338354,9628
1750244901.8572931,705
1750244901.8573847,-14218
1750244901.8574646,-27402
1750244901.8575387,-27182
1750244901.8581314,-10679
1750244901.8584852,9891
1750244901.8603518,17396
1750244901.8645477,9026
1750244901.8646584,-553
1750244901.864766,3478
1750244901.864872,19046
1750244901.8649771,28174
1750244901.8650818,21183
1750244901.865187,5216
1750244901.8652916,-4257
1750244901.8653965,-4844
1750244901.865501,-5503
1750244901.8656054,-9329
1750244901.8657098,-7541
1750244901.8658147,8846
1750244901.8659356,29977
1750244901.8660402,-27656
1750244901.8661442,23269
1750244901.8662488,-1440
1750244901.866353,-16861
1750244901.8664584,-17603
1750244901.8665645,-10555
1750244901.8666415,-4590
1750244901.8667169,-2922
1750244901.8667948,-4551
1750244901.8836136,-8665
1750244901.8924263,-13555
1750244901.8925984,-14917
1750244901.8927567,-8341
1750244901.8929236,2786
1750244901.8930922,8683
1750244901.8932533,4005
1750244901.8934355,-6846
1750244901.8935974,-13445
1750244901.9028223,-10460
1750244901.9029417,-1569
1750244901.9030154,5418
1750244901.903088,5421
1750244901.9031596,841
1750244901.9032404,-896
1750244901.9033124,4071
1750244901.9033847,12398
1750244901.9034555,14784
1750244901.9035265,7020
1750244901.9035983,-6296
1750244901.9036696,-10612
1750244901.9037404,808
1750244901.9039462,17546
1750244901.911359,23975
1750244901.9114707,13084
1750244901.9115756,-4444
1750244901.91168,-15390
1750244901.9139059,-17912
1750244901.970763,-20759
1750244901.9710207,-28834
1750244901.9711313,31459
1750244901.9712374,-27897
1750244901.9713423,-10139
1750244901.971447,8043
1750244901.9717486,15585
1750244901.9720805,12693
1750244901.9721901,4234
1750244901.9724877,-3756
1750244901.9726217,-6283
1750244901.9727316,420
1750244901.9728365,13262
1750244901.9729528,22164
1750244901.9730568,17789
1750244901.97316,3348
1750244901.9732642,-6608
1750244901.9733677,-1508
1750244901.9734712,10035
1750244901.9736865,10181
1750244901.9737902,-6858
1750244901.973915,-26220
1750244901.9740334,-28683
1750244901.9741375,-12851
1750244901.982819,5130
1750244901.9828994,10401
1750244901.9829721,4023
1750244901.9830463,-2622
1750244901.983122,-831
1750244901.9831972,5365
1750244901.983273,9174
1750244901.9833488,9698
1750244901.9834237,8333
1750244901.9834995,4739
1750244901.9835746,-3835
1750244901.9836497,-16196
1750244901.9844947,-24306
1750244901.9845781,-20690
1750244901.9846592,-3808
1750244901.9847405,16501
1750244901.9848218,28841
1750244901.9849184,28506
1750244901.985,18661
1750244901.9850814,6323
1750244901.9851615,-2998
1750244901.9852433,-4371
1750244901.9853244,3687
1750244901.9854043,17198
1750244901.9854844,25899
1750244901.9855657,21538
1750244901.9856453,6639
1750244901.985725,-6469
1750244901.9858077,-8751
1750244901.9858773,-3478
1750244901.985957,-1791
1750244901.9860368,-7103
1750244901.9872797,-11820
1750244901.9873557,-8094
1750244901.9874315,2742
1750244901.9875066,9807
1750244901.9875815,7878
1750244901.987657,2593
1750244901.9877408,-386
1750244901.9878128,-1842
1750244901.9878726,-7207
1750244901.9879444,-19079
1750244901.9880192,-27087
1750244901.9880953,-20781
1750244901.9881709,-988
1750244901.9882348,19526
1750244901.9882963,27001
1750244901.9883747,19395
1750244901.9884534,6462
1750244901.9885309,-852
1750244901.9886086,-1102
1750244901.9886858,859
1750244901.9887636,1726
1750244901.994014,3210
1750244902.03471,5445
1750244902.03648,5178
1750244902.0368116,-588
1750244902.037139,-6641
1750244902.0453024,-3727
1750244902.0541198,9811
1750244902.0728436,21447
1750244902.0729876,17281
1750244902.074531,-2163
1750244902.074629,-21203
1750244902.074701,-24473
1750244902.0747705,-12668
1750244902.0748394,3606
1750244902.0749073,13505
1750244902.0749755,13451
1750244902.0750673,6498
1750244902.0751367,-3174
1750244902.0752046,-10533
1750244902.0752726,-7568
1750244902.0753415,7243
1750244902.0754092,23607
1750244902.0754998,26974
1750244902.0755692,11152
1750244902.075638,-13499
1750244902.0757108,-26801
1750244902.0757725,-19899
1750244902.0758374,-2431
1750244902.0759277,8648
1750244902.0759962,6176
1750244902.0760634,-2035
1750244902.0761259,-4759
1750244902.0761962,-446
1750244902.076263,1644
1750244902.0763526,-5620
1750244902.07642,-17360
1750244902.0764878,-22450
1750244902.0765553,-18318
1750244902.076623,-11791
1750244902.0775874,-12752
1750244902.0776863,-19798
1750244902.0777853,-21783
1750244902.0778809,-9512
1750244902.0779793,10958
1750244902.0780756,25336
1750244902.078184,22613
1750244902.0782795,6575
1750244902.078376,-4994
1750244902.0784695,-553
1750244902.078569,16452
1750244902.078666,28190
1750244902.078763,22867
1750244902.0788667,7927
1750244902.0789676,-2642
1750244902.0790691,-939
1750244902.0791728,4695
1750244902.0792696,2055
1750244902.079367,-8926
1750244902.0794673,-18548
1750244902.079571,-19887
1750244902.0796707,-15574
1750244902.0797706,-11128
1750244902.079864,-7024
1750244902.0799596,-1259
1750244902.0800602,2248
1750244902.080153,-3597
1750244902.0802522,-18200
1750244902.0803468,-29427
1750244902.080442,-25163
1750244902.0805552,-7937
1750244902.0806565,7569
1750244902.0807538,7918
1750244902.0808551,-7247
1750244902.0809557,-27355
1750244902.0810564,29361
1750244902.0811524,-27732
1750244902.0812485,-5062
1750244902.081349,16942
1750244902.1240475,25003
1750244902.124119,15777
1750244902.1241841,-1022
1750244902.12425,-13448
1750244902.1243167,-17121
1750244902.1243827,-15266
1750244902.1244488,-12521
1750244902.1245155,-7172
1750244902.1245816,2908
1750244902.1246505,12959
1750244902.1247163,14822
1750244902.124781,4579
1750244902.1248477,-8337
1750244902.1249151,-12035
1750244902.1249804,-2697
1750244902.1250458,9324
1750244902.1251123,12532
1750244902.125178,4033
1750244902.125244,-4633
1750244902.1253135,-4297
1750244902.1253798,4169
1750244902.1254468,10493
1750244902.1255121,5260
1750244902.1255784,-7932
1750244902.1256456,-17895
1750244902.1257114,-18197
1750244902.1257775,-11944
1750244902.1258435,-4545
1750244902.1259081,1494
1750244902.1259744,6255
1750244902.126041,10843
1750244902.1548288,10764
1750244902.179287,6383
1750244902.183151,-904
1750244902.1832407,-4118
1750244902.1833887,-1211
1750244902.1842418,4785
1750244902.235488,9396
1750244902.2727227,10813
1750244902.3084376,9216
1750244902.41753,5616
1750244902.430877,848
1750244902.4309628,-1837
1750244902.4819984,814
1750244902.491905,7592
1750244902.5014477,12381
1750244902.544658,10710
1750244902.5447395,3745
1750244902.5964973,-2060
1750244902.617716,-2377
1750244902.6185145,1811
1750244902.6406844,4960
1750244902.6413894,4173
1750244902.6414983,-766
1750244902.6424096,-5749
1750244902.6425188,-8852
1750244902.6693578,-7755
1750244902.7694602,972
1750244902.79876,15077
1750244902.7989583,26992
1750244902.7990282,25259
1750244902.7990952,6347
1750244902.7991605,-18528
1750244902.799225,-31315
1750244902.799291,-24650
1750244902.7993562,-6777
1750244902.7994218,7148
1750244902.7994857,9333
1750244902.7995596,4663
1750244902.7996252,-1031
1750244902.7996879,-3382
1750244902.7997468,-3996
1750244902.7999241,-2656
1750244902.7999895,603
1750244902.8000522,2914
1750244902.8001106,-2356
1750244902.8003366,-15509
1750244902.8004034,-29494
1750244902.800468,-31377
1750244902.8005557,-16377
1750244902.8006217,5798
1750244902.8006861,20290
1750244902.8007512,17136
1750244902.800815,2485
1750244902.8008852,-10268
1750244902.8009496,-11005
1750244902.8010132,-3933
1750244902.801078,2193
1750244902.8011415,3150
1750244902.8012064,3176
1750244902.8012726,6875
1750244902.8013425,12499
1750244902.8014061,12959
1750244902.8014688,8612
1750244902.801535,3605
1750244902.8016045,1875
1750244902.8016698,399
1750244902.8017337,-3894
1750244902.8017979,-7278
1750244902.8018646,-5579
1750244902.8019288,459
1750244902.8019924,2900
1750244902.8020558,407
1750244902.8021204,1863
1750244902.8021853,10526
1750244902.8022494,20309
1750244902.8023133,21250
1750244902.8023772,12498
1750244902.8024411,5782
1750244902.802505,6395
1750244902.8025756,8297
1750244902.8026388,3319
1750244902.8027027,-5239
1750244902.8027668,-7638
1750244902.8028316,-1772
1750244902.8028955,3408
1750244902.80296,2294
1750244902.8030233,495
1750244902.8030858,2931
1750244902.8031507,7705
1750244902.803214,7341
1750244902.8032784,4105
1750244902.8033457,5082
1750244902.8034093,12518
1750244902.8034732,16441
1750244902.803541,9521
1750244902.803605,-2106
1750244902.8036673,-8059
1750244902.8037255,-7273
1750244902.8089945,-8723
1750244902.8202188,-14941
1750244902.8237092,-14144
1750244902.823943,786
1750244902.8532045,20030
1750244902.9704692,24132
1750244902.9725027,7920
1750244902.9729567,-10607
1750244902.9730318,-15966
1750244902.9733937,-9061
1750244903.0228431,-4172
1750244903.0364208,-8155
1750244903.0380487,-11553
1750244903.0381684,-5865
1750244903.0382776,4690
1750244903.0383863,10231
1750244903.0384958,6332
1750244903.0386043,-1049
1750244903.0387485,-5204
1750244903.0388565,-3937
1750244903.0389647,1377
1750244903.039072,9150
1750244903.0391803,16886
1750244903.039288,21119
1750244903.039407,20980
1750244903.039515,21616
1750244903.0398252,23702
1750244903.039939,21157
1750244903.0691302,7644
1750244903.1312752,-10538
1750244903.1582274,-17549
1750244903.1640213,-7096
1750244903.2040944,7016
1750244903.204474,6447
1750244903.204839,-7908
1750244903.2171345,-14919
1750244903.2443502,-1556
1750244903.2444706,21894
1750244903.2454515,32163
1750244903.2455654,20432
1750244903.2456722,2692
1750244903.2457926,-3240
1750244903.245904,2961
1750244903.2463012,6788
1750244903.2464087,-3068
1750244903.2465143,-21745
1750244903.2471378,30240
1750244903.2472703,32360
1750244903.247377,-16604
1750244903.2474835,3671
1750244903.2476022,15664
1750244903.2477076,15483
1750244903.2478225,6938
1750244903.2480128,-1785
1750244903.2481236,-7971
1750244903.2506602,-14167
1750244903.250798,-21907
1750244903.250905,-25146
1750244903.2510648,-17080
1750244903.2511756,-910
1750244903.251286,10280
1750244903.2513957,8051
1750244903.2515316,-3462
1750244903.2516422,-11022
1750244903.2517643,-9574
1750244903.2518733,-6161
1750244903.251983,-8840
1750244903.2520916,-14739
1750244903.2522006,-14135
1750244903.2523103,-4958
1750244903.2524185,3372
1750244903.252527,1377
1750244903.254355,-8053
1750244903.254466,-13109
1750244903.2545743,-8566
1750244903.2546835,-1728
1750244903.2547925,-2532
1750244903.254901,-10098
1750244903.255062,-13882
1750244903.2551713,-8173
1750244903.25528,-750
1750244903.255389,-729
1750244903.2555113,-8460
1750244903.2556202,-12475
1750244903.2557344,-7864
1750244903.2558432,-589
1750244903.2559645,-306
1750244903.256074,-7304
1750244903.2563763,-12168
1750244903.2564914,-9224
1750244903.257749,-3285
1750244903.2578661,-2538
1750244903.257982,-7272
1750244903.2581122,-10314
1750244903.258236,-7519
1750244903.2583582,-3059
1750244903.2584708,-2707
1750244903.2585995,-5864
1750244903.2587073,-5933
1750244903.2588167,27
1750244903.259695,7593
1750244903.2602456,11645
1750244903.260451,13237
1750244903.2606902,17743
1750244903.2608628,25324
1750244903.2610195,27124
1750244903.2611654,14280
1750244903.2613618,-10117
1750244903.2615802,-29359
1750244903.2848775,-28306
1750244903.284989,-9337
1750244903.2850745,9479
1750244903.2851603,12785
1750244903.2853258,3315
1750244903.3233118,-3555
1750244903.3683312,779
1750244903.368425,7912
1750244903.3685074,5807
1750244903.3685896,-6399
1750244903.3686707,-14512
1750244903.3687515,-10584
1750244903.368832,-457
1750244903.3691132,2729
1750244903.369197,-3331
1750244903.3692777,-8458
1750244903.369359,-6034
1750244903.36944,-2062
1750244903.3695207,-6165
1750244903.3696012,-15642
1750244903.3696835,-17462
1750244903.369761,-5642
1750244903.3698409,9205
1750244903.3699214,11473
1750244903.3700025,-591
1750244903.3700826,-13238
1750244903.3701632,-14725
1750244903.3702435,-7886
1750244903.3708565,-3668
1750244903.370966,-5642
1750244903.3710482,-6360
1750244903.3711293,-754
1750244903.37121,5043
1750244903.3712907,1319
1750244903.37137,-10404
1750244903.3714435,-17016
1750244903.371541,-9489
1750244903.3716445,5853
1750244903.3718357,14472
1750244903.3719277,9594
1750244903.3720126,-1740
1750244903.4006276,-10220
1750244903.425285,-15003
1750244903.4262714,-20585
1750244903.4269674,-25471
1750244903.4273286,-21350
1750244903.4414024,-5229
1750244903.4415393,12564
1750244903.4416149,17426
1750244903.441688,5950
1750244903.4417603,-9631
1750244903.4418333,-16161
1750244903.4419048,-13499
1750244903.4419775,-11124
1750244903.442052,-13620
1750244903.4421234,-14537
1750244903.4421952,-7134
1750244903.4422672,4102
1750244903.4476037,7389
1750244903.44769,-2040
1750244903.4477541,-14384
1750244903.4478166,-16963
1750244903.447888,-9372
1750244903.4479585,-2991
1750244903.4480286,-5676
1750244903.4625592,-11791
1750244903.4628618,-10959
1750244903.4811645,-2858
1750244903.4893146,2165
1750244903.4894004,-3350
1750244903.4894798,-13050
1750244903.4895577,-15106
1750244903.4896395,-7668
1750244903.4897177,-1017
1750244903.489796,-3657
1750244903.4898736,-10955
1750244903.4899518,-12140
1750244903.4900298,-5689
1750244903.490108,-1077
1750244903.4901857,-5898
1750244903.4902635,-14818
1750244903.4903414,-16520
1750244903.4904191,-9197
1750244903.4904976,-2611
1750244903.4905875,-4805
1750244903.4906652,-11201
1750244903.490743,-11163
1750244903.4908202,-3206
1750244903.490897,2877
1750244903.4909744,-1083
1750244903.4910526,-10953
1750244903.49113,-14959
1750244903.4912076,-9227
1750244903.4912853,-2388
1750244903.4913626,-3874
1750244903.4914398,-11880
1750244903.4915168,-15573
1750244903.4915974,-9230
1750244903.491659,622
1750244903.4917192,3388
1750244903.491785,-2823
1750244903.4918518,-8851
1750244903.491917,-6687
1750244903.491983,435
1750244903.492046,2235
1750244903.492107,-5454
1750244903.4921722,-14786
1750244903.4922383,-15646
1750244903.4923048,-7832
1750244903.4923732,-1281
1750244903.4924505,-3756
1750244903.4925272,-11573
1750244903.4926043,-13346
1750244903.492681,-6586
1750244903.4927583,1481
1750244903.4928353,618
1750244903.492912,-6839
1750244903.4929886,-11821
1750244903.4930654,-7929
1750244903.4931417,-1209
1750244903.4932187,-922
1750244903.493295,-6127
1750244903.493372,-8349
1750244903.4934487,-3065
1750244903.4935286,3061
1750244903.4936054,1025
1750244903.493682,-7699
1750244903.4937587,-13751
1750244903.4938357,-10166
1750244903.5251818,-2691
1750244903.5255196,-89
1750244903.5258462,-4754
1750244903.5323908,-10175
1750244903.5325415,-10153
1750244903.5332994,-5297
1750244903.5334089,-311
1750244903.5334854,1543
1750244903.5335617,270
1750244903.5336366,-3400
1750244903.5337148,-7556
1750244903.5337923,-9004
1750244903.5338922,-6264
1750244903.5339682,-728
1750244903.5340433,1643
1750244903.534119,-199
1750244903.5341942,-2427
1750244903.5343053,812
1750244903.5343995,10121
1750244903.5344844,21079
1750244903.5345595,27429
1750244903.5346344,27765
1750244903.5347095,24700
1750244903.5450687,24201
1750244903.5451488,27862
1750244903.5452495,-32156
1750244903.5453548,30748
1750244903.545459,16874
1750244903.545563,-1406
1750244903.5480304,-12076
1750244903.5481193,-9749
1750244903.5491211,-1439
1750244903.5586846,2130
1750244903.5587955,-327
1750244903.5588996,-1853
1750244903.559005,2569
1750244903.5591085,6409
1750244903.5592132,3809
1750244903.5593166,-4499
1750244903.5594206,-7310
1750244903.559525,653
1750244903.559629,12536
1750244903.559842,16366
1750244903.5599468,5888
1750244903.5600502,-12609
1750244903.5602784,-25777
1750244903.5603986,-23371
1750244903.5605025,-7039
1750244903.5606384,9916
1750244903.5607328,13831
1750244903.560811,1670
1750244903.5608876,-12563
1750244903.5609674,-15004
1750244903.5610468,-3013
1750244903.5611253,9313
1750244903.561206,9632
1750244903.5612836,-1160
1750244903.561361,-10817
1750244903.5614398,-8447
1750244903.5615144,4936
1750244903.561589,18518
1750244903.5617924,25724
1750244903.5891519,23527
1750244903.5892382,17250
1750244903.5893185,12680
1750244903.5893967,11971
1750244903.58948,14242
1750244903.5895598,14954
1750244903.5896387,12136
1750244903.5897164,9282
1750244903.5897949,10658
1750244903.589876,13373
1750244903.5899534,9763
1750244903.5900798,-2969
1750244903.5901582,-17458
1750244903.5902357,-20467
1750244903.5903137,-10502
1750244903.5903933,1162
1750244903.5904665,2147
1750244903.590558,-7659
1750244903.5906358,-14679
1750244903.5907252,-8408
1750244903.5909367,5777
1750244903.5910141,11599
1750244903.5910914,1827
1750244903.5911689,-12337
1750244903.5912461,-12606
1750244903.5913231,3623
1750244903.5914001,21489
1750244903.5914774,23763
1750244903.5915549,8773
1750244903.591632,-6863
1750244903.5917099,-8696
1750244903.591774,3151
1750244903.591837,16174
1750244903.5919187,21441
1750244903.5919955,19340
1750244903.5920742,17246
1750244903.59214,13118
1750244903.5921986,4158
1750244903.592274,-8849
1750244903.5923512,-18615
1750244903.5924313,-16442
1750244903.592508,-5836
1750244903.5925853,2432
1750244903.5926623,1968
1750244903.5927396,-3229
1750244903.592817,-4448
1750244903.5928943,-1436
1750244903.5929744,-919
1750244903.5930524,-8685
1750244903.5931292,-18230
1750244903.593206,-20249
1750244903.5932827,-12421
1750244903.5933595,-3669
1750244903.5934362,-3098
1750244903.593513,-10171
1750244903.5935936,-16915
1750244903.5936809,-18318
1750244903.5937824,-17582
1750244903.5938857,-18974
1750244903.5939631,-21799
1750244903.5940406,-21435
1750244903.5941174,-16610
1750244903.5941963,-9781
1750244903.5942774,-5260
1750244903.5943542,-2399
1750244903.5944316,1563
1750244903.5945098,6847
1750244903.5945866,9860
1750244903.594664,7798
1750244903.594741,3001
1750244903.594822,69
1750244903.5949008,2295
1750244903.5949783,6746
1750244903.5950553,10084
1750244903.5951324,9080
1750244903.5952094,4996
1750244903.595288,842
1750244903.5953698,-1907
1750244903.595453,-3042
1750244903.5955303,-1618
1750244903.5956075,2342
1750244903.595685,7221
1750244903.5957658,8182
1750244903.5958261,5391
1750244903.5958915,2342
1750244903.595976,5284
1750244903.5960643,11824
1750244903.5961413,13482
1750244903.5962002,3340
1750244903.596261,-12502
1750244903.5963337,-19510
1750244903.596412,-9194
1750244903.5965,10977
1750244903.5965872,26252
1750244903.596667,28719
1750244903.5967445,21700
1750244903.596821,12282
1750244903.5968983,1677
1750244903.5969758,-9336
1750244903.5970533,-17124
1750244903.59713,-14803
1750244903.5972195,-4142
1750244903.627691,5141
1750244903.6277668,7797
1750244903.6278276,7856
1750244903.6279066,13877
1750244903.627985,21091
1750244903.6280637,17235
1750244903.628132,-1599
1750244903.628196,-22089
1750244903.628264,-25357
1750244903.6283429,-9406
1750244903.6284227,7059
1750244903.6285014,7256
1750244903.6285794,-5735
1750244903.6286752,-14918
1750244903.6287596,-10654
1750244903.628838,463
1750244903.6289155,6332
1750244903.6289928,5140
1750244903.6290698,3885
1750244903.629148,6659
1750244903.6292276,10096
1750244903.6293054,9559
1750244903.6861715,7108
1750244903.732501,7760
1750244903.7762864,10779
1750244903.8129096,9732
1750244903.8287022,713
1750244903.8435934,-9643
1750244903.8437643,-11795
1750244903.850411,-1212
1750244903.850536,16284
1750244903.8506765,28171
1750244903.8512251,28859
1750244903.8513355,20336
1750244903.851631,12187
1750244903.851737,8947
1750244903.8521135,7153
1750244903.8522456,-225
1750244903.8523567,-14786
1750244903.8524609,-25414
1750244903.852565,-21576
1750244903.8526695,-4658
1750244903.8527732,10143
1750244903.8528779,9231
1750244903.8529818,-2477
1750244903.8530862,-8605
1750244903.8531904,-183
1750244903.8532944,14862
1750244903.8533978,20568
1750244903.8535023,11575
1750244903.8536065,-2061
1750244903.85371,-7464
1750244903.8538132,-1984
1750244903.8539295,7732
1750244903.8540332,14642
1750244903.854119,16237
1750244903.8541927,12679
1750244903.8542647,3588
1750244903.854337,-8586
1750244903.8544102,-18112
1750244903.8544836,-19597
1750244903.8545563,-12316
1750244903.854628,-1339
1750244903.8547,10262
1750244903.8547723,18359
1750244903.8548677,22312
1750244903.85494,18580
1750244903.8550122,8299
1750244903.8551002,-2880
1750244903.8551743,-8866
1750244903.855246,-6596
1750244903.855318,100
1750244903.8553898,6615
1750244903.8554618,10643
1750244903.8555331,12155
1750244903.855783,11192
1750244903.8558936,8102
1750244903.856,3809
1750244903.8562462,920
1750244903.8563974,1553
1750244903.8565366,5061
1750244903.85667,8477
1750244903.8568091,7546
1750244903.8569524,834
1750244903.8570888,-8113
1750244903.8572457,-11992
1750244903.8573987,-5282
1750244903.8575478,9953
1750244903.857698,24484
1750244903.8578432,29607
1750244903.857992,24065
1750244903.8581402,13313
1750244903.8582907,4445
1750244903.8584335,-789
1750244903.8585787,-1270
1750244903.8587222,1591
1750244903.8588657,6842
1750244903.859017,8005
1750244903.8591673,-446
1750244903.859314,-16863
1750244903.8594646,-29228
1750244903.8596144,-24368
1750244903.8598802,-1456
1750244903.8890655,24995
1750244903.8891573,-28354
1750244903.889403,27961
1750244903.8913045,9371
1750244903.8913987,-4303
1750244903.891484,-3959
1750244903.8915687,4389
1750244903.8916457,11327
1750244903.891719,10662
1750244903.8917933,6344
1750244903.8918672,3169
1750244903.891949,1878
1750244903.892028,-170
1750244903.892117,-3305
1750244903.8922012,-3029
1750244903.892283,3305
1750244903.8923697,12178
1750244903.892453,16209
1750244903.8925352,12680
1750244903.892629,6362
1750244903.892722,2195
1750244903.8928185,-48
1750244903.892902,-3502
1750244903.8929844,-7022
1750244903.8930666,-6018
1750244903.8931541,-137
1750244903.8932369,2165
1750244903.8933687,-4314
1750244903.8934538,-15616
1750244903.893537,-17800
1750244903.8936203,-6180
1750244903.8937037,12176
1750244903.8938112,22806
1750244903.8939185,21393
1750244903.894005,11513
1750244903.8940873,295
1750244903.8941693,-10962
1750244903.894252,-19549
1750244903.8943348,-21805
1750244903.894418,-14026
1750244903.8945005,-889
1750244903.8945894,8529
1750244903.894672,9522
1750244903.8947546,8587
1750244903.894837,9478
1750244903.894919,11422
1750244903.8950012,7452
1750244903.8950825,-4650
1750244903.8951652,-15965
1750244903.8952475,-17879
1750244903.8953297,-7523
1750244903.8954127,7186
1750244903.8954964,18042
1750244903.895599,19434
1750244903.8956916,14141
1750244903.8957722,6979
1750244903.8958545,3641
1750244903.8959358,4819
1750244903.896014,6273
1750244903.8960943,5485
1750244903.8961813,2822
1750244903.8962693,1529
1750244903.8963518,2410
1750244903.896454,2863
1750244903.8965368,1287
1750244903.8966231,306
1750244903.8967054,2564
1750244903.8967874,6939
1750244903.896876,9375
1750244903.8969584,8363
1750244903.8970408,6287
1750244903.8971214,4120
1750244903.8972042,-109
1750244903.897274,-6683
1750244903.897344,-9767
1750244903.8974144,-3560
1750244903.897484,8430
1750244903.8975468,10788
1750244903.8976073,-1977
1750244903.897674,-18661
1750244903.897745,-21842
1750244903.8978145,-6868
1750244903.8978832,12282
1750244903.897953,20247
1750244903.8980234,18664
1750244903.8980932,15336
1750244903.8981633,11664
1750244903.8982334,-1299
1750244903.8983042,-22121
1750244903.8983762,29826
1750244903.898446,-26072
1750244903.8985221,-1637
1750244903.9150927,14573
1750244903.9183586,8941
1750244903.9184287,-5287
1750244903.9184954,-5450
1750244903.918809,9632
1750244903.9188795,20185
1750244903.9189453,10216
1750244903.9190109,-12481
1750244903.9190764,-25908
1750244903.9191415,-20090
1750244903.9192061,-4462
1750244903.9192705,7485
1750244903.919336,13512
1750244903.9194012,18124
1750244903.9194655,19492
1750244903.91953,9208
1750244903.9195948,-12181
1750244903.9196546,-29699
1750244903.9198205,-27291
1750244903.919889,-5835
1750244903.9199533,17266
1750244903.9200149,24287
1750244903.920172,14201
1750244903.9202378,-2671
1750244903.9203026,-15547
1750244903.920369,-20770
1750244903.9204335,-18485
1750244903.9204977,-9773
1750244903.9205823,2539
1750244903.9206471,12219
1750244903.9207115,13038
1750244903.9207768,4698
1750244903.9208412,-5705
1750244903.920905,-9350
1750244903.920969,-2600
1750244903.9210346,10080
1750244903.9210987,20890
1750244903.9213321,23676
1750244903.921396,17072
1750244903.9214602,4911
1750244903.9215245,-6838
1750244903.9215887,-13069
1750244903.921653,-10288
1750244903.9217172,-831
1750244903.9217813,9919
1750244903.9218457,16104
1750244903.9219098,16269
1750244903.921975,12694
1750244903.9220405,7812
1750244903.922109,2186
1750244903.9221854,-4047
1750244903.922259,-7181
1750244903.922333,-2657
1750244903.9224062,7922
1750244903.9224794,15145
1750244903.922552,10754
1750244903.9226255,-1520
1750244903.9226992,-8250
1750244903.9227734,-1865
1750244903.9228468,9250
1750244903.9229198,9207
1750244903.947517,-5498
1750244903.969555,-20471
1750244903.969654,-19455
1750244903.971115,-3718
1750244903.9991562,9076
1750244904.123198,4997
1750244904.1247482,-10868
1750244904.1248202,-21512
1750244904.1248875,-17498
1750244904.1249545,-5086
1750244904.1250217,4337
1750244904.1250882,7681
1750244904.125155,10107
1750244904.125221,14210
1750244904.1252882,14627
1750244904.1254084,4602
1750244904.1258476,-12928
1750244904.1259372,-25248
1750244904.1260207,-23210
1750244904.1260872,-7816
1750244904.126153,10739
1750244904.126219,22269
1750244904.1262848,23109
1750244904.126351,15075
1750244904.126417,2026
1750244904.126483,-11959
1750244904.1265543,-20928
1750244904.12662,-19644
1750244904.1273,-7466
1750244904.129383,10095
1750244904.1306,24682
1750244904.1322892,29917
1750244904.1323748,24260
1750244904.1324642,10915
1750244904.1325421,-3639
1750244904.1326213,-13198
1750244904.1327014,-13999
1750244904.132781,-6988
1750244904.132859,3271
1750244904.1329398,11980
1750244904.1330175,16066
1750244904.1330957,15098
1750244904.1331754,10271
1750244904.1332538,3924
1750244904.1333323,-1113
1750244904.1334114,-3015
1750244904.13349,-1679
1750244904.1335683,1785
1750244904.133646,5823
1750244904.1337245,8916
1750244904.1338022,9159
1750244904.1339054,6323
1750244904.133988,3016
1750244904.1340675,2842
1750244904.1341457,5665
1750244904.1342258,6162
1750244904.1343045,-775
1750244904.134387,-12978
1750244904.1344707,-21652
1750244904.13455,-20397
1750244904.1346314,-11670
1750244904.1347103,-2735
1750244904.134795,3261
1750244904.134873,9185
1750244904.1349502,16602
1750244904.135028,19997
1750244904.1351054,11913
1750244904.1351836,-6423
1750244904.1352637,-23189
1750244904.1353457,-26338
1750244904.1354234,-14422
1750244904.1355016,3647
1750244904.1355803,17455
1750244904.135658,22038
1750244904.1357377,17607
1750244904.1358154,6618
1750244904.1363082,-7560
1750244904.1364372,-18699
1750244904.1365163,-20387
1750244904.136595,-10551
1750244904.1366737,6241
1750244904.136752,21641
1750244904.13683,28546
1750244904.1369078,24554
1750244904.1369853,12319
1750244904.137063,-1914
1750244904.137141,-11947
1750244904.1442995,-13779
1750244904.1443846,-7871
1750244904.1444645,1738
1750244904.144543,10494
1750244904.1446214,15142
1750244904.1447,14836
1750244904.1447785,10285
1750244904.1448562,3833
1750244904.144935,-1207
1750244904.1450133,-2678
1750244904.145091,-834
1750244904.1451695,2410
1750244904.1452475,5284
1750244904.1453254,6771
1750244904.145404,7593
1750244904.145857,6596
1750244904.145939,5036
1750244904.1460185,3521
1750244904.1460974,4472
1750244904.1461754,4842
1750244904.1462548,384
1750244904.1463332,-12219
1750244904.1464117,-25556
1750244904.1464896,-28075
1750244904.1465673,-12916
1750244904.1466458,12454
1750244904.1467237,30880
1750244904.1468017,30228
1750244904.1468792,13848
1750244904.1469576,-3353
1750244904.1470351,-8953
1750244904.1471133,-2932
1750244904.1502962,5015
1750244904.154498,6155
1750244904.1889644,523
1750244904.1997225,-4957
1750244904.2001593,-4678
1750244904.2005525,354
1750244904.200917,5099
1750244904.2012794,7197
1750244904.2016325,8900
1750244904.202087,13824
1750244904.213504,20197
1750244904.272615,21411
1750244904.3323045,13247
1750244904.371464,-48
1750244904.3782196,-8839
1750244904.3790033,-7537
1750244904.3791277,-10
1750244904.379311,4784
1750244904.3793852,2429
1750244904.3794587,-4747
1750244904.3795328,-8605
1750244904.3796065,-5955
1750244904.3796785,2926
1750244904.3799813,12830
1750244904.3800564,20273
1750244904.3801441,20955
1750244904.3802168,14800
1750244904.3803196,3553
1750244904.3803928,-7017
1750244904.3806052,-11913
1750244904.3806846,-9503
1750244904.380756,-1959
1750244904.3808284,6859
1750244904.3809016,13146
1750244904.380974,14916
1750244904.3810458,11855
1750244904.4115093,5771
1750244904.4126842,-18
1750244904.508138,-2875
1750244904.5171936,-2315
1750244904.5343788,403
1750244904.5345223,3751
1750244904.5345974,6466
1750244904.534671,7540
1750244904.5347447,6517
1750244904.5348177,4448
1750244904.53489,3616
1750244904.5349627,4970
1750244904.5350356,5424
1750244904.535106,-223
1750244904.5351784,-13021
1750244904.5352492,-25863
1750244904.535322,-27741
1750244904.5353947,-13379
1750244904.535476,10570
1750244904.5355487,29332
1750244904.535621,31043
1750244904.5356936,15495
1750244904.5357647,-6664
1750244904.5358374,-22231
1750244904.5359097,-23619
1750244904.535982,-11737
1750244904.5360537,6301
1750244904.5361254,21761
1750244904.5361938,28194
1750244904.5362656,23446
1750244904.536338,10228
1750244904.5364099,-4948
1750244904.5364814,-14589
1750244904.5365546,-14831
1750244904.5366266,-6581
1750244904.536698,4795
1750244904.5367694,13391
1750244904.536843,16052
1750244904.536914,13286
1750244904.536986,7610
1750244904.5370562,1667
1750244904.5371275,-2497
1750244904.5372152,-3473
1750244904.5372882,-1128
1750244904.5373745,3095
1750244904.5374389,6757
1750244904.5375054,7988
1750244904.537576,6723
1750244904.537648,4594
1750244904.5377202,3182
1750244904.5377934,2771
1750244904.5378664,2752
1750244904.5379398,2897
1750244904.5380158,3418
1750244904.5380886,4326
1750244904.538161,4974
1750244904.538234,4640
1750244904.5383034,3706
1750244904.5383747,2781
1750244904.5384445,2558
1750244904.5385156,2831
1750244904.5385866,3230
1750244904.5386572,3840
1750244904.5387287,4606
1750244904.5388005,4983
1750244904.53887,4525
1750244904.5389416,3584
1750244904.5390165,2686
1750244904.539089,3005
1750244904.5391629,3058
1750244904.539236,3419
1750244904.5393076,3898
1750244904.5393827,6120
1750244904.5394545,6604
1750244904.539527,1262
1750244904.5395997,-12538
1750244904.539672,-26645
1750244904.5397363,-29146
1750244904.5397954,-14132
1750244904.539867,10411
1750244904.539938,28036
1750244904.5400095,27836
1750244904.5400739,13326
1750244904.5401332,-2220
1750244904.5401917,-8008
1750244904.540255,-3399
1750244904.5403278,4083
1750244904.5403988,6330
1750244904.5404701,1264
1750244904.5533936,-5822
1750244904.553779,-7197
1750244904.5538602,-319
1750244904.5930896,8260
1750244904.593192,8030
1750244904.593553,-5438
1750244904.5936418,-23354
1750244904.5937092,-30934
1750244904.5937796,-20699
1750244904.5938687,525
1750244904.5939407,18378
1750244904.5940087,23428
1750244904.5940783,16939
1750244904.594148,6452
1750244904.594216,-1650
1750244904.594285,-4587
1750244904.5943534,-3584
1750244904.5944247,968
1750244904.5944932,5610
1750244904.5945623,8375
1750244904.5946317,7057
1750244904.5946994,3985
1750244904.594767,687
1750244904.5948353,-229
1750244904.594903,820
1750244904.5949702,3302
1750244904.5950406,6018
1750244904.5951087,7388
1750244904.5951772,6447
1750244904.5952446,3980
1750244904.595312,1364
1750244904.59538,88
1750244904.5954497,423
1750244904.5955184,1907
1750244904.5955868,4013
1750244904.5956566,5919
1750244904.595723,6585
1750244904.5957906,5588
1750244904.59586,3696
1750244904.5959284,1910
1750244904.5959911,1701
1750244904.596053,1699
1750244904.5961213,2454
1750244904.5961888,3604
1750244904.5962558,6461
1750244904.596325,7240
1750244904.5963907,1740
1750244904.5964582,-12499
1750244904.5965261,-27027
1750244904.5965943,-29725
1750244904.5966616,-14714
1750244904.5967288,9913
1750244904.5967965,27658
1750244904.5968642,27631
1750244904.5969377,13306
1750244904.5970056,-2145
1750244904.5970724,-8005
1750244904.5971406,-3572
1750244904.604429,3783
1750244904.6045291,6038
1750244904.6048696,1039
1750244904.6051748,-6040
1750244904.6052523,-7470
1750244904.605327,-608
1750244904.6053994,8040
1750244904.6054714,7898
1750244904.6055446,-5558
1750244904.6056168,-23542
1750244904.60569,-31179
1750244904.6057627,-20924
1750244904.6058357,344
1750244904.6059086,18186
1750244904.606001,23186
1750244904.606112,16699
1750244904.6061862,6292
1750244904.6062574,-1732
1750244904.6063287,-4671
1750244904.6064007,-3728
1750244904.6065423,797
1750244904.606617,5452
1750244904.6066887,8470
1750244904.6067598,7090
1750244904.6068323,3289
1750244904.6341743,-954
1750244904.6342573,-1873
1750244904.6343317,585
1750244904.634405,4448
1750244904.634478,6793
1750244904.6345513,6551
1750244904.6346233,5250
1750244904.6346958,4290
1750244904.6347675,2944
1750244904.63484,235
1750244904.6349123,-1709
1750244904.634985,945
1750244904.635058,7584
1750244904.6351302,10301
1750244904.6352017,1325
1750244904.635274,-16147
1750244904.6353457,-27837
1750244904.6354182,-22079
1750244904.6354897,-2409
1750244904.6355615,15558
1750244904.635634,19750
1750244904.6356962,12195
1750244904.63576,3770
1750244904.635832,1010
1750244904.6359036,900
1750244904.6359751,-2160
1750244904.6360424,-8030
1750244904.6361015,-11215
1750244904.636173,-7533
1750244904.6362445,1655
1750244904.6363156,11251
1750244904.6363876,16830
1750244904.6364596,16857
1750244904.636531,12293
1750244904.6366029,4785
1750244904.636675,-2894
1750244904.6367466,-7873
1750244904.6368177,-8327
1750244904.6368868,-4262
1750244904.6369567,2513
1750244904.6370268,9112
1750244904.637097,12640
1750244904.6371677,11738
1750244904.657873,7509
1750244904.6579516,2501
1750244904.658025,-987
1750244904.6580977,-2086
1750244904.6581707,-1196
1750244904.6582434,845
1750244904.6583164,3444
1750244904.6583884,5877
1750244904.6856909,7134
1750244904.689278,6562
1750244904.7080748,4705
1750244904.7199314,2810
1750244904.72002,1817
1750244904.72009,1709
1750244904.7201734,1895
1750244904.7360091,2296
1750244904.7360818,2758
1750244904.7361426,3131
1750244904.7362149,3280
1750244904.7362862,3501
1750244904.7363575,4251
1750244904.7364287,4813
1750244904.7365,4070
1750244904.736571,2398
1750244904.7366421,1763
1750244904.7367132,2922
1750244904.736784,3898
1750244904.7368546,2615
1750244904.7369251,740
1750244904.7369971,2344
1750244904.737069,7465
1750244904.73714,8922
1750244904.7372255,-562
1750244904.737297,-17674
1750244904.7373688,-28421
1750244904.73744,-21661
1750244904.737511,-1429
1750244904.7375815,16476
1750244904.7376525,20163
1750244904.7377229,12017
1750244904.7377934,3192
1750244904.7378714,321
1750244904.737942,347
1750244904.7380128,-2431
1750244904.7380834,-7989
1750244904.7381554,-10957
1750244904.7382286,-7267
1750244904.738299,1716
1750244904.7383695,11031
1750244904.7384403,16440
1750244904.7385106,16477
1750244904.7385812,12035
1750244904.7386522,4635
1750244904.738723,-3016
1750244904.7387943,-8005
1750244904.7388651,-8445
1750244904.7389367,-4352
1750244904.739008,2420
1750244904.739079,8982
1750244904.7391493,12497
1750244904.73922,11627
1750244904.7392905,7445
1750244904.7393606,2443
1750244904.7394307,-1083
1750244904.7395022,-2217
1750244904.7395747,-1323
1750244904.7396455,730
1750244904.739712,3310
1750244904.7397823,5718
1750244904.7398565,7014
1750244904.7399273,6541
1750244904.7399974,4756
1750244904.7400594,2842
1750244904.7401206,1773
1750244904.7401915,1621
1750244904.7402618,1863
1750244904.7403326,2085
1750244904.7404032,2519
1750244904.7404737,3433
1750244904.7906754,4464
1750244904.8005834,4839
1750244904.8006995,4387
1750244904.8008268,3629
1750244904.8009362,3149
1750244904.8010445,2974
1750244904.8012943,2754
1750244904.8041747,2295
1750244904.8042507,2047
1750244904.804324,2542
1750244904.804396,3585
1750244904.8044684,4332
1750244904.8045404,4325
1750244904.8046134,3871
1750244904.8046856,3488
1750244904.804762,3280
1750244904.8048356,2971
1750244904.8049107,2381
1750244904.8049831,1928
1750244904.8050528,2244
1750244904.8051226,3272
1750244904.8051922,4190
1750244904.8052616,4365
1750244904.805331,3977
1750244904.8054006,3553
1750244904.8054698,3324
1750244904.805539,3063
1750244904.8056083,2533
1750244904.8056786,2007
1750244904.805748,2141
1750244904.8058174,3046
1750244904.8058867,4022
1750244904.80596,4336
1750244904.8060303,4033
1750244904.8060994,3606
1750244904.8061688,3369
1750244904.806238,3150
1750244904.8063076,2678
1750244904.8063776,2103
1750244904.8066313,2068
1750244904.8087132,2821
1750244904.8088007,3799
1750244904.813536,4216
1750244904.813613,4002
1750244904.813685,3601
1750244904.8137562,3373
1750244904.8138807,3186
1750244904.8139539,2757
1750244904.8140268,2148
1750244904.8140981,1984
1750244904.8141704,2633
1750244904.814247,3655
1750244904.814319,4209
1750244904.8143892,4083
1750244904.8144596,3675
1750244904.8145387,3408
1750244904.8146102,3228
1750244904.814681,2825
1750244904.8147523,2434
1750244904.814823,2104
1750244904.8196225,2122
1750244904.819702,2355
1750244904.8197699,2734
1750244904.8198357,3440
1750244904.819904,4251
1750244904.819967,4472
1750244904.820026,3783
1750244904.8202393,2821
1750244904.8203068,2270
1750244904.8203738,2003
1750244904.820443,1545
1750244904.820528,1442
1750244904.8205965,3155
1750244904.8206654,6562
1750244904.8207312,7725
1750244904.8207977,1307
1750244904.820864,-13030
1750244904.8209305,-27195
1750244904.8209982,-29658
1750244904.8210652,-15322
1750244904.821132,8825
1750244904.8211977,27936
1750244904.8212643,30228
1750244904.8213313,15316
1750244904.8213983,-6531
1750244904.8214674,-22316
1750244904.8215332,-24197
1750244904.8215997,-12631
1750244904.8216658,5444
1750244904.8217335,21005
1750244904.8217993,27313
1750244904.8218663,22324
1750244904.8219318,9107
1750244904.8219984,-5749
1750244904.8220665,-15042
1750244904.8221333,-15233
1750244904.8221989,-7199
1750244904.8222651,4000
1750244904.8223307,12670
1750244904.822403,15463
1750244904.8224702,12605
1750244904.822776,6662
1750244904.8228421,617
1750244904.8229127,-3327
1750244904.8229797,-3975
1750244904.8230445,-1522
1750244904.8231125,2537
1750244904.8231792,6026
1750244904.8232498,7290
1750244904.823315,6398
1750244904.823381,4199
1750244904.8234463,1850
1750244904.8235114,300
1750244904.8235784,317
1750244904.823645,2097
1750244904.8238673,4163
1750244904.8239355,4633
1750244904.8239968,3491
1750244904.8242643,2735
1750244904.8243399,3715
1750244904.824408,3625
1750244904.8244739,1896
1750244904.8245406,270
1750244904.8246064,2365
1750244904.8246725,7073
1750244904.82474,7356
1750244904.8248694,-2478
1750244904.8249607,-18089
1750244904.82503,-27154
1750244904.8250988,-20847
1750244904.8251646,-2725
1750244904.8252308,14806
1750244904.8252969,21090
1750244904.8253627,14946
1750244904.8254278,3373
1750244904.825494,-4769
1750244904.8255606,-5273
1750244904.8256269,-881
1750244904.8256927,862
1750244904.8257594,-5425
1750244904.8258255,-16662
1750244904.8258917,-22211
1750244904.8259575,-14130
1750244904.8260236,4100
1750244904.8260891,19698
1750244904.8261552,22663
1750244904.826221,13273
1750244904.8262885,480
1750244904.8263574,-7747
1750244904.8264225,-9184
1750244904.8264885,-5545
1750244904.8265538,1132
1750244904.8266194,8469
1750244904.8266876,13047
1750244904.8267536,11940
1750244904.8268192,6194
1750244904.8268845,-860
1750244904.8269517,-4206
1750244904.8270175,-3684
1750244904.8270838,-437
1750244904.8271494,3350
1750244904.884495,6283
1750244904.9624233,7459
1750244904.9858525,6771
1750244904.9859328,4504
1750244905.0181265,2014
1750244905.0184383,515
1750244905.018511,701
1750244905.018582,1912
1750244905.0186503,3163
1750244905.0187216,3900
1750244905.0187924,3747
1750244905.0188637,2939
1750244905.0189335,2223
1750244905.0190063,2304
1750244905.0190742,3365
1750244905.0191438,4261
1750244905.0192125,3934
1750244905.0192802,2787
1750244905.0311518,2447
1750244905.0324464,3040
1750244905.0325773,2968
1750244905.0329447,1374
1750244905.0331397,614
1750244905.0332432,3458
1750244905.0333452,8155
1750244905.0334592,7564
1750244905.033563,-3190
1750244905.0336668,-18914
1750244905.0337715,-26266
1750244905.0338871,-16346
1750244905.0341156,5914
1750244905.034368,25111
1750244905.0346239,28709
1750244905.03489,16403
1750244905.0478547,-1596
1750244905.0616057,-14199
1750244905.0745754,-16305
1750244905.0746503,-9291
1750244905.074718,2320
1750244905.074785,13021
1750244905.074852,18186
1750244905.0749187,15767
1750244905.0749855,7572
1750244905.0750523,-1908
1750244905.0751173,-7928
1750244905.0751836,-7937
1750244905.0752494,-3074
1750244905.0753157,3794
1750244905.0753813,9116
1750244905.075448,10575
1750244905.0755138,8185
1750244905.0755801,4047
1750244905.0756464,576
1750244905.075712,-955
1750244905.0757787,-577
1750244905.0758455,1133
1750244905.0759106,3343
1750244905.0759766,5133
1750244905.076048,5689
1750244905.0763786,4771
1750244905.076462,2949
1750244905.0765336,1479
1750244905.0766058,1255
1750244905.0766726,2107
1750244905.0767388,3130
1750244905.0768054,3752
1750244905.0768716,3936
1750244905.0769396,3867
1750244905.077005,3549
1750244905.0770717,2916
1750244905.0771382,2093
1750244905.0772152,1670
1750244905.0772805,2110
1750244905.0773478,3142
1750244905.077414,3926
1750244905.0774806,4032
1750244905.0775473,3675
1750244905.0776153,3291
1750244905.077682,3016
1750244905.077748,2699
1750244905.0778143,2220
1750244905.0778809,1925
1750244905.0779467,2279
1750244905.078022,3171
1750244905.0780885,3889
1750244905.0781543,3978
1750244905.078221,3635
1750244905.0782871,3285
1750244905.0783546,3078
1750244905.0784204,2830
1750244905.0784872,2360
1750244905.0785525,1946
1750244905.0786197,2135
1750244905.078686,2960
1750244905.078752,3772
1750244905.078818,3997
1750244905.0788841,3725
1750244905.0789502,3365
1750244905.0790167,3139
1750244905.079083,2903
1750244905.079149,2450
1750244905.0792148,1960
1750244905.0792809,2003
1750244905.0793471,2748
1750244905.0794132,3647
1750244905.0794795,4023
1750244905.0795453,3833
1750244905.0796123,3448
1750244905.0796788,3174
1750244905.0797453,2936
1750244905.0798118,2524
1750244905.0798776,2008
1750244905.0799453,1928
1750244905.0800045,2567
1750244905.0800703,3505
1750244905.080137,4009
1750244905.0802035,3911
1750244905.080272,3528
1750244905.0803406,3219
1750244905.08041,2976
1750244905.0804782,2572
1750244905.1106913,2269
1750244905.1142585,2079
1750244905.1479864,1970
1750244905.1685755,1968
1750244905.179733,2454
1750244905.180231,3729
1750244905.183005,4737
1750244905.183117,4125
1750244905.18353,2326
1750244905.1845253,1549
1750244905.1846354,2681
1750244905.1851046,3654
1750244905.1852112,2253
1750244905.1896238,184
1750244905.1897054,1702
1750244905.1905963,6933
1750244905.1906745,8575
1750244905.1907468,-831
1750244905.1908188,-17991
1750244905.19089,-28770
1750244905.1909604,-21941
1750244905.1910312,-1627
1750244905.1911025,16232
1750244905.1911736,19768
1750244905.1912441,11534
1750244905.1913142,2780
1750244905.1913848,39
1750244905.1914556,92
1750244905.1915267,-2768
1750244905.1915972,-8370
1750244905.1916661,-11256
1750244905.1917272,-7452
1750244905.1917903,1529
1750244905.191861,10730
1750244905.191933,16060
1750244905.1920083,16154
1750244905.1920695,11821
1750244905.1921287,4439
1750244905.1921995,-3290
1750244905.1922703,-8323
1750244905.1923432,-8695
1750244905.1924148,-4517
1750244905.1924863,2208
1750244905.1925573,8603
1750244905.1926281,12001
1750244905.1926987,11194
1750244905.192768,7171
1750244905.1928387,2237
1750244905.1929083,-1373
1750244905.1929784,-2604
1750244905.19305,-1672
1750244905.193121,511
1750244905.1931908,3135
1750244905.1932611,5433
1750244905.193331,6591
1750244905.1934009,6114
1750244905.193471,4448
1750244905.193541,2612
1750244905.1936128,1484
1750244905.1936836,1238
1750244905.1937532,1501
1750244905.1938233,1850
1750244905.1939127,2349
1750244905.1939878,3169
1750244905.1940584,4052
1750244905.1941288,4397
1750244905.1941984,4052
1750244905.1942687,3388
1750244905.19434,2868
1750244905.1944103,2597
1750244905.195484,2386
1750244905.1961255,2064
1750244905.1964724,1916
1750244905.1967328,2345
1750244905.2053108,3224
1750244905.2078326,3893
1750244905.2158983,3959
1750244905.2162318,3604
1750244905.2164822,3208
1750244905.2167847,2904
1750244905.243264,2567
1750244905.2904012,2075
1750244905.3403761,1727
1750244905.3498776,2027
1750244905.351849,2954
1750244905.351933,3838
1750244905.3520544,4101
1750244905.3521328,3810
1750244905.3522103,3362
1750244905.3522878,3017
1750244905.3523655,2709
1750244905.3524427,2269
1750244905.3525195,1852
1750244905.3525972,1962
1750244905.352675,2732
1750244905.3527527,3630
1750244905.3528302,4015
1750244905.3529036,3836
1750244905.352975,3429
1750244905.3530521,3105
1750244905.3531287,2841
1750244905.3532193,2452
1750244905.353296,1984
1750244905.3533728,1915
1750244905.3534513,2502
1750244905.3535283,3367
1750244905.353605,3854
1750244905.3536828,3797
1750244905.354542,3444
1750244905.3546212,3101
1750244905.3546984,2795
1750244905.354776,2414
1750244905.354853,1978
1750244905.3549309,1906
1750244905.3550076,2462
1750244905.355085,3323
1750244905.355162,3836
1750244905.3552408,3805
1750244905.3553174,3478
1750244905.3553944,3162
1750244905.355471,2878
1750244905.359116,2504
1750244905.3592079,2021
1750244905.3592856,1818
1750244905.3593643,2243
1750244905.359438,3086
1750244905.3595116,3697
1750244905.3595843,3775
1750244905.3596573,3502
1750244905.3598511,3183
1750244905.3599257,2884
1750244905.3599982,2511
1750244905.3600705,2021
1750244905.3601418,1753
1750244905.3602133,2116
1750244905.3602853,2998
1750244905.360357,3746
1750244905.360429,3922
1750244905.3605015,3649
1750244905.3605833,3274
1750244905.360655,2971
1750244905.360727,2652
1750244905.360799,2188
1750244905.3608704,1803
1750244905.3609424,1974
1750244905.3610141,2756
1750244905.3610916,3587
1750244905.3611639,3911
1750244905.3612351,3734
1750244905.3613071,3370
1750244905.3613794,3055
1750244905.3614504,2743
1750244905.361522,2298
1750244905.3615932,1863
1750244905.3657389,1915
1750244905.3658478,2597
1750244905.365951,3427
1750244905.3660538,3803
1750244905.3661568,3678
1750244905.366259,3345
1750244905.3663616,3055
1750244905.366464,2761
1750244905.3665671,2328
1750244905.3666697,1856
1750244905.3667717,1835
1750244905.3668737,2489
1750244905.3669827,3405
1750244905.3670845,3902
1750244905.3672016,3828
1750244905.3673058,3468
1750244905.367408,3142
1750244905.3675106,2855
1750244905.3676136,2454
1750244905.3677158,1942
1750244905.3678186,1766
1750244905.3991635,2275
1750244905.3995361,3202
1750244905.3996172,3838
1750244905.3996885,3886
1750244905.3997493,3551
1750244905.4001613,3188
1750244905.4002542,2887
1750244905.4003346,2537
1750244905.4004533,2068
1750244905.4005427,1823
1750244905.4006536,2185
1750244905.4007351,3012
1750244905.4008148,3663
1750244905.400894,3786
1750244905.4009724,3531
1750244905.4012558,3211
1750244905.401609,2923
1750244905.401688,2576
1750244905.4017658,2097
1750244905.4018435,1778
1750244905.4019287,2038
1750244905.4020088,2819
1750244905.4021325,3528
1750244905.4022126,3734
1750244905.4022918,3534
1750244905.402377,3220
1750244905.402455,2924
1750244905.4025333,2575
1750244905.402611,2100
1750244905.4026885,1736
1750244905.4027667,1942
1750244905.4028442,2756
1750244905.402922,3614
1750244905.4029999,3950
1750244905.4030771,3763
1750244905.4031549,3365
1750244905.403236,3019
1750244905.4033139,2717
1750244905.4034057,2325
1750244905.406656,1918
1750244905.4067428,1921
1750244905.4094658,2516
1750244905.4095962,3321
1750244905.4098947,3760
1750244905.409974,3720
1750244905.410051,3413
1750244905.4101284,3081
1750244905.4102094,2740
1750244905.4102874,2312
1750244905.410366,1870
1750244905.410444,1836
1750244905.41053,2427
1750244905.4106076,3290
1750244905.4106846,3790
1750244905.4107623,3762
1750244905.4108396,3447
1750244905.4109166,3128
1750244905.410996,2814
1750244905.4110734,2367
1750244905.4111507,2082
1750244905.4112275,1874
1750244905.4113042,1468
1750244905.4113965,2307
1750244905.4115074,3953
1750244905.4115846,4998
1750244905.4116526,3910
1750244905.4117138,1514
1750244905.4123707,688
1750244905.4124491,2542
1750244905.412527,4117
1750244905.4126058,2346
1750244905.4126825,-693
1750244905.4162707,422
1750244905.416397,6311
1750244905.416478,9716
1750244905.4165585,3762
1750244905.4166386,-7625
1750244905.4167178,-12074
1750244905.4167962,-3581
1750244905.4168746,8398
1750244905.4169552,8898
1750244905.4170353,-4746
1750244905.4171138,-19366
1750244905.417201,-20970
1750244905.417281,-9687
1750244905.4173596,2514
1750244905.4174385,6407
1750244905.417516,4097
1750244905.4175951,3093
1750244905.417673,6125
1750244905.4177506,9588
1750244905.4178283,9838
1750244905.4179053,7166
1750244905.4179847,3729
1750244905.4182718,393
1750244905.418349,-2649
1750244905.418427,-4691
1750244905.4185052,-4081
1750244905.4185839,64
1750244905.4186618,4929
1750244905.4187398,8258
1750244905.4188178,9024
1750244905.4188957,7400
1750244905.4191415,4270
1750244905.41923,885
1750244905.4315856,-1322
1750244905.4323883,-1476
1750244905.4324722,276
1750244905.4325528,2816
1750244905.4326344,4784
1750244905.4328496,5348
1750244905.4329288,4738
1750244905.4330077,3687
1750244905.433086,2725
1750244905.4331653,1984
1750244905.4336421,1642
1750244905.433723,1836
1750244905.4338048,2471
1750244905.43388,3134
1750244905.4339464,3387
1750244905.4340136,3065
1750244905.4340796,2591
1750244905.4341967,2503
1750244905.4342825,2857
1750244905.4343634,3196
1750244905.4344428,3258
1750244905.4345217,3144
1750244905.4346013,3051
1750244905.4346828,2974
1750244905.434763,2764
1750244905.434843,2327
1750244905.4349232,1977
1750244905.435003,2169
1750244905.4843059,2884
1750244905.4962227,3545
1750244905.5158694,3722
1750244905.54753,3496
1750244905.5476243,3170
1750244905.5667841,2903
1750244905.5668762,2615
1750244905.5669496,2185
1750244905.5670164,1822
1750244905.567085,1989
1750244905.5671513,2744
1750244905.5672283,3544
1750244905.5672972,3845
1750244905.567364,3648
1750244905.5674326,3261
1750244905.567504,2935
1750244905.5675678,2647
1750244905.5676272,2265
1750244905.5676944,1891
1750244905.5677602,1960
1750244905.5678267,2619
1750244905.5678937,3427
1750244905.567954,3808
1750244905.5680158,3694
1750244905.5680816,3351
1750244905.5681493,3035
1750244905.5682163,2735
1750244905.5682847,2329
1750244905.5683522,1879
1750244905.5684192,1832
1750244905.5684862,2425
1750244905.5685537,3296
1750244905.5686204,3802
1750244905.5706797,3767
1750244905.570748,3426
1750244905.570817,3085
1750244905.5708835,2786
1750244905.570951,2416
1750244905.5710177,1956
1750244905.5710847,1797
1750244905.571151,2264
1750244905.5712192,3131
1750244905.5712867,3745
1750244905.5713549,3813
1750244905.571428,3501
1750244905.571494,3134
1750244905.571561,2825
1750244905.5716274,2487
1750244905.5716927,2041
1750244905.571762,1794
1750244905.5718293,2135
1750244905.5718956,2964
1750244905.5719562,3665
1750244905.5895317,3837
1750244905.5896685,3576
1750244905.5897398,3196
1750244905.5898058,2869
1750244905.5898721,2542
1750244905.5900064,2109
1750244905.6041179,1795
1750244905.6042001,2014
1750244905.6042721,2769
1750244905.604344,3508
1750244905.6044152,3764
1750244905.6044858,3571
1750244905.6045558,3211
1750244905.6177938,2878
1750244905.6392353,2547
1750244905.6408916,2120
1750244905.641034,1764
1750244905.641172,1908
1750244905.6413429,2630
1750244905.6414793,3435
1750244905.6416152,3785
1750244905.6418257,3647
1750244905.6419628,3290
1750244905.6420982,2953
1750244905.6422613,2631
1750244905.642397,2220
1750244905.6425323,1809
1750244905.6426885,1826
1750244905.6428244,2453
1750244905.6429603,3295
1750244905.6431181,3752
1750244905.6432543,3696
1750244905.6433895,3352
1750244905.6442544,2999
1750244905.6448414,2677
1750244905.6449268,2295
1750244905.6450117,1871
1750244905.645097,1801
1750244905.6451821,2335
1750244905.6452675,3177
1750244905.646482,3708
1750244905.6465678,3723
1750244905.6466525,3414
1750244905.6467357,3072
1750244905.6468213,2754
1750244905.646906,2380
1750244905.6469908,1928
1750244905.6470804,1757
1750244905.6471655,2192
1750244905.6472564,3035
1750244905.647341,3658
1750244905.6474252,3755
1750244905.6475103,3478
1750244905.6475875,3129
1750244905.647671,2816
1750244905.6477568,2462
1750244905.648347,2002
1750244905.6484406,1737
1750244905.6485283,2066
1750244905.6486146,2910
1750244905.6487,3657
1750244905.6519082,3871
1750244905.6519806,3623
1750244905.6520553,3225
1750244905.6521227,2879
1750244905.6521902,2555
1750244905.652257,2139
1750244905.6523225,1812
1750244905.6523888,1983
1750244905.6524537,2700
1750244905.6525195,3454
1750244905.6525853,3758
1750244905.6526508,3606
1750244905.6527183,3253
1750244905.6527853,2910
1750244905.652853,2572
1750244905.6529188,2150
1750244905.6529846,1782
1750244905.6530514,1888
1750244905.6531172,2576
1750244905.6531823,3388
1750244905.6532483,3770
1750244905.6533139,3668
1750244905.6533794,3324
1750244905.6534455,2980
1750244905.6535113,2643
1750244905.6535769,2224
1750244905.6536427,1811
1750244905.6537104,1821
1750244905.6537755,2433
1750244905.6538568,3269
1750244905.653927,3730
1750244905.653997,3691
1750244905.6540642,3378
1750244905.65413,3049
1750244905.6541958,2723
1750244905.6542609,2316
1750244905.6543276,1862
1750244905.654394,1765
1750244905.6544604,2295
1750244905.6545262,3159
1750244905.6545906,3712
1750244905.654656,3727
1750244905.6547213,3406
1750244905.654786,3063
1750244905.6548562,2767
1750244905.6549304,2411
1750244905.6550043,1941
1750244905.6550782,1710
1750244905.655155,2106
1750244905.6552286,2994
1750244905.6556146,3723
1750244905.723325,3890
1750244905.739139,3596
1750244905.7628696,3179
1750244905.7635748,2828
1750244905.763666,2504
1750244905.763757,2087
1750244905.763856,1791
1750244905.7639475,2016
1750244905.7640364,2770
1750244905.7641299,3513
1750244905.764226,3784
1750244905.7643197,3598
1750244905.7644181,3224
1750244905.7645087,2872
1750244905.7645915,2540
1750244905.7646806,2123
1750244905.7647722,1775
1750244905.7648604,1911
1750244905.7649484,2623
1750244905.7650368,3430
1750244905.7651248,3797
1750244905.765213,3662
1750244905.7653008,3272
1750244905.7653887,2892
1750244905.7654767,2561
1750244905.7655644,2179
1750244905.7656524,1809
1750244905.7657404,1850
1750244905.7658281,2479
1750244905.7659159,3315
1750244905.7660034,3776
1750244905.7660933,3722
1750244905.7661815,3361
1750244905.766269,2987
1750244905.7663565,2669
1750244905.7664444,2308
1750244905.7665324,1892
1750244905.7666202,1803
1750244905.7667081,2316
1750244905.766796,3164
1750244905.7668836,3728
1750244905.7669706,3755
1750244905.7670586,3401
1750244905.7671468,2997
1750244905.8609672,2670
1750244905.8817563,2342
1750244905.8820832,1937
1750244905.8961105,1769
1750244905.898014,2178
1750244905.8980923,3020
1750244905.898168,3681
1750244905.898244,3811
1750244905.8983183,3503
1750244905.8983934,3078
1750244905.8984685,2721
1750244905.8985443,2401
1750244905.8986192,2015
1750244905.898695,1789
1750244905.8987696,2074
1750244905.898844,2824
1750244905.8989184,3498
1750244905.8989937,3714
1750244905.899068,3513
1750244905.8991427,3148
1750244905.8992193,2788
1750244905.8992975,2436
1750244905.899372,2027
1750244905.8994472,1761
1750244905.8995228,1996
1750244905.8995972,2722
1750244905.8996608,3432
1750244905.899731,3696
1750244905.899803,3538
1750244905.8998778,3195
1750244905.899954,2843
1750244905.900018,2480
1750244905.900081,2054
1750244905.9001563,1730
1750244905.9002314,1903
1750244905.900307,2632
1750244905.9003813,3433
1750244905.9004562,3782
1750244905.900547,3653
1750244905.900623,3298
1750244905.9006987,2955
1750244905.900774,2627
1750244905.9008534,2217
1750244905.900929,1807
1750244905.9010024,1817
1750244905.9010775,2432
1750244905.9011524,3273
1750244905.901227,3741
1750244905.901302,3701
1750244905.901377,3367
1750244905.9014502,3018
1750244905.9015248,2697
1750244905.9015994,2311
1750244905.9016738,1874
1750244905.9017467,1776
1750244905.901808,2291
1750244905.9018822,3145
1750244905.901957,3711
1750244905.902032,3749
1750244905.9021068,3430
1750244905.9021814,3060
1750244905.9022558,2732
1750244905.9023306,2369
1750244905.9024043,1922
1750244905.9024787,1723
1750244905.9025526,2127
1750244905.902627,2986
1750244905.902701,3668
1750244905.902775,3809
1750244905.902849,3514
1750244905.902923,3110
1750244905.9029968,2774
1750244905.903071,2454
1750244905.903145,2033
1750244905.9032187,1745
1750244905.9032924,2005
1750244905.9033668,2805
1750244905.9034405,3570
1750244905.9035144,3827
1750244905.9035876,3588
1750244905.9036493,3165
1750244905.9037194,2807
1750244905.9037929,2509
1750244905.9198093,2124
1750244905.941692,1785
1750244905.9417796,1921
1750244905.9418588,2641
1750244905.941938,3461
1750244905.942017,3829
1750244905.942095,3671
1750244905.9421737,3254
1750244905.9422514,2871
1750244905.9423296,2564
1750244905.9424071,2198
1750244905.9486728,1822
1750244905.9488034,1856
1750244905.9488838,2494
1750244905.948975,3343
1750244905.9490547,3802
1750244905.9491336,3714
1750244905.9492123,3308
1750244905.9492905,2914
1750244905.9493694,2606
1750244905.949448,2256
1750244905.9495265,1845
1750244905.9496045,1776
1750244905.9496827,2334
1750244905.9497614,3222
1750244905.9498396,3788
1750244905.9499178,3776
1750244905.9499962,3378
1750244905.9500744,2966
1750244905.9501522,2659
1750244905.9502296,2340
1750244905.9503078,1923
1750244905.9503863,1760
1750244905.950465,2205
1750244905.950569,3077
1750244905.9506478,3727
1750244905.9507256,3822
1750244905.9508035,3493
1750244905.9508908,3088
1750244905.9509678,2751
1750244905.9510453,2414
1750244905.951124,1982
1750244905.9512026,1743
1750244905.9512799,2073
1750244905.9513571,2875
1750244905.9514353,3549
1750244905.9515126,3714
1750244905.9515898,3454
1750244905.9516723,3081
1750244905.9517496,2757
1750244905.9518273,2441
1750244905.9519045,2026
1750244905.951984,1726
1750244905.9520612,1951
1750244905.9521384,2713
1750244905.9522154,3470
1750244905.9522934,3743
1750244905.95237,3528
1750244905.952447,3111
1750244905.9525242,2744
1750244905.9526017,2439
1750244905.9526787,2071
1750244905.9527552,1756
1750244905.9528348,1904
1750244905.9529135,2629
1750244905.9529908,3463
1750244905.953068,3843
1750244905.9531448,3693
1750244905.953222,3272
1750244905.9532995,2881
1750244905.9533768,2565
1750244905.953454,2200
1750244905.9535315,1825
1750244905.9536085,1837
1750244905.9536858,2428
1750244905.953763,3232
1750244905.9538713,3684
1750244905.959026,3647
1750244905.9591026,3319
1750244905.9591756,2962
1750244905.9592474,2617
1750244905.9593866,2214
1750244905.9594595,1790
1750244905.9595313,1729
1750244905.959602,2254
1750244905.9620788,3067
1750244905.9621568,3581
1750244905.9622288,3604
1750244905.9623003,3299
1750244905.9623718,2933
1750244905.9624426,2580
1750244905.962514,2198
1750244905.962586,1786
1750244905.9626572,1679
1750244905.9627347,2160
1750244905.9628057,3019
1750244905.962877,3645
1750244905.962948,3746
1750244905.963019,3452
1750244905.9630902,3070
1750244905.9631612,2736
1750244905.963233,2398
1750244905.9633045,1968
1750244905.9633753,1716
1750244905.9634466,2027
1750244905.9635172,2850
1750244905.9635894,3594
1750244905.96365,3820
1750244905.963715,3565
1750244905.9637861,3141
1750244905.9638717,2777
1750244905.9639435,2459
1750244905.964004,2059
1750244905.9640677,1740
1750244905.964139,1911
1750244905.96421,2638
1750244905.9930315,3419
1750244905.9931235,3750
1750244905.9932077,3597
1750244905.9932904,3215
1750244905.9933734,2848
1750244905.9934728,2513
1750244905.993556,2105
1750244905.993638,1743
1750244905.9937203,1841
1750244905.9938025,2523
1750244905.994344,3338
1750244905.994427,3731
1750244905.994509,3624
1750244905.994591,3258
1750244905.9946725,2896
1750244905.9947774,2565
1750244905.994859,2170
1750244905.9949405,1771
1750244905.9950216,1782
1750244905.9951026,2399
1750244905.9952056,3249
1750244905.9952872,3718
1750244905.9953687,3655
1750244905.99545,3287
1750244905.995531,2929
1750244905.995629,2630
1750244905.99571,2264
1750244905.9957914,1813
1750244905.995872,1685
1750244905.995953,2208
1750244905.9960377,3131
1750244905.9961329,3768
1750244905.9962134,3809
1750244905.9962943,3423
1750244905.9964437,2995
1750244905.9965181,2685
1750244905.996592,2387
1750244905.996666,1975
1750244905.9967403,1743
1750244905.9968138,2081
1750244905.9968874,2898
1750244905.9969614,3583
1750244905.9970412,3751
1750244905.9971151,3483
1750244905.9971938,3094
1750244905.9972682,2758
1750244905.9973428,2428
1750244905.997417,2002
1750244905.9974911,1725
1750244905.9975655,1999
1750244905.9976394,2787
1750244905.9977143,3514
1750244905.9977882,3734
1750244905.9978626,3495
1750244905.997937,3105
1750244905.9980109,2766
1750244905.9980905,2449
1750244905.9981627,2035
1750244905.998237,1697
1750244905.9983113,1861
1750244905.9983854,2603
1750244905.9984648,3415
1750244905.9985423,3760
1750244905.9986193,3594
1750244905.9986956,3185
1750244905.9989736,2804
1750244905.9990501,2484
1750244905.9991267,2109
1750244905.9992034,1746
1750244905.9992795,1797
1750244905.9993565,2424
1750244905.9994333,3234
1750244905.99951,3661
1750244905.999585,3589
1750244905.999646,3228
1750244905.999721,2859
1750244905.9997973,2533
1750244905.9998739,2157
1750244905.9999506,1754
1750244906.0000207,1714
1750244906.0000935,2281
1750244906.0001705,3148
1750244906.000247,3703
1750244906.0073028,3722
1750244906.0298278,3367
1750244906.061668,2957
1750244906.082228,2614
1750244906.0823069,2282
1750244906.0823803,1897
1750244906.0824525,1756
1750244906.082525,2148
1750244906.0826051,2919
1750244906.0826766,3512
1750244906.082749,3641
1750244906.082821,3382
1750244906.0828922,2998
1750244906.082964,2628
1750244906.0830362,2267
1750244906.083108,1866
1750244906.08318,1690
1750244906.0832517,2068
1750244906.0833237,2894
1750244906.083395,3586
1750244906.0834672,3766
1750244906.0835388,3503
1750244906.0836074,3098
1750244906.083666,2742
1750244906.0837364,2417
1750244906.0838077,2011
1750244906.0838926,1717
1750244906.0839646,1938
1750244906.0840359,2699
1750244906.084107,3466
1750244906.0841777,3756
1750244906.0842485,3560
1750244906.0843198,3163
1750244906.0843909,2811
1750244906.0844624,2501
1750244906.0845335,2104
1750244906.084612,1748
1750244906.084683,1870
1750244906.0847542,2596
1750244906.084825,3447
1750244906.084896,3840
1750244906.0849671,3691
1750244906.0850387,3276
1750244906.0851095,2905
1750244906.0851805,2611
1750244906.0852518,2239
1750244906.0853229,1816
1750244906.0853937,1789
1750244906.0854647,2405
1750244906.0855362,3296
1750244906.0856075,3807
1750244906.085678,3738
1750244906.085749,3323
1750244906.08582,2932
1750244906.0858908,2648
1750244906.0859618,2323
1750244906.0860326,1891
1750244906.086104,1753
1750244906.086175,2256
1750244906.0862463,3157
1750244906.0863178,3771
1750244906.0879226,3783
1750244906.0880313,3373
1750244906.088134,2948
1750244906.0882363,2662
1750244906.0883381,2384
1750244906.0884402,1967
1750244906.088549,1724
1750244906.0886505,2075
1750244906.0887518,2929
1750244906.0888536,3643
1750244906.0889552,3797
1750244906.0890567,3467
1750244906.089158,3020
1750244906.0892599,2677
1750244906.0893614,2393
1750244906.0894628,2011
1750244906.0895646,1746
1750244906.0896666,2008
1750244906.089768,2796
1750244906.0898695,3542
1750244906.0899706,3780
1750244906.0900726,3522
1750244906.090174,3091
1750244906.0902753,2731
1750244906.0903766,2436
1750244906.0904834,2059
1750244906.0906086,1739
1750244906.0907109,1900
1750244906.0908122,2633
1750244906.0909135,3435
1750244906.0910149,3773
1750244906.0911164,3585
1750244906.0912178,3157
1750244906.091319,2784
1750244906.0914202,2500
1750244906.0915213,2158
1750244906.091623,1805
1750244906.091756,1852
1750244906.091858,2486
1750244906.09196,3309
1750244906.092062,3743
1750244906.092164,3645
1750244906.0922658,3239
1750244906.0923674,2842
1750244906.0924795,2530
1750244906.0925813,2187
1750244906.0926838,1807
1750244906.0927854,1774
1750244906.0928876,2339
1750244906.092989,3192
1750244906.0930912,3720
1750244906.0931935,3706
1750244906.0932956,3329
1750244906.0933971,2929
1750244906.0934994,2612
1750244906.0936012,2283
1750244906.093704,1882
1750244906.0938056,1749
1750244906.0939124,2203
1750244906.0940142,3045
1750244906.0941162,3656
1750244906.0942194,3734
1750244906.0943224,3404
1750244906.094435,3000
1750244906.094537,2668
1750244906.0946383,2342
1750244906.0947404,1932
1750244906.0948422,1723
1750244906.094944,2081
1750244906.0950482,2900
1750244906.0951498,3581
1750244906.095252,3745
1750244906.0953538,3472
1750244906.0954556,3082
1750244906.0955584,2746
1750244906.1140702,2428
1750244906.1141508,2021
1750244906.114224,1750
1750244906.1142964,2012
1750244906.1143684,2785
1750244906.1144404,3505
1750244906.114513,3730
1750244906.114585,3504
1750244906.1146562,3130
1750244906.1147285,2812
1750244906.1148005,2512
1750244906.114872,2100
1750244906.1149437,1738
1750244906.1150153,1882
1750244906.1150873,2631
1750244906.1151593,3472
1750244906.1152308,3834
1750244906.115302,3649
1750244906.1153736,3211
1750244906.1154447,2835
1750244906.115516,2552
1750244906.115586,2207
1750244906.115645,1833
1750244906.115716,1847
1750244906.1157875,2467
1750244906.1158588,3322
1750244906.11593,3800
1750244906.115993,3731
1750244906.1160698,3328
1750244906.116141,2928
1750244906.1162124,2616
1750244906.1162834,2276
1750244906.1163542,1877
1750244906.1164255,1792
1750244906.116496,2297
1750244906.1165671,3125
1750244906.116638,3671
1750244906.116708,3698
1750244906.116778,3359
1750244906.116847,2966
1750244906.1169164,2627
1750244906.116986,2274
1750244906.117056,1871
1750244906.117125,1742
1750244906.1242168,2189
1750244906.1523395,3018
1750244906.1702552,3625
1750244906.1773753,3719
1750244906.1774666,3421
1750244906.177554,3032
1750244906.17764,2681
1750244906.1777256,2332
1750244906.1778173,1918
1750244906.1779027,1713
1750244906.177992,2066
1750244906.1780772,2878
1750244906.178162,3560
1750244906.1782467,3733
1750244906.1783314,3469
1750244906.178416,3073
1750244906.1785007,2727
1750244906.1785858,2394
1750244906.1786714,1967
1750244906.1787558,1658
1750244906.1788404,1888
1750244906.1789312,2680
1750244906.1790159,3473
1750244906.1791008,3762
1750244906.1791854,3544
1750244906.179269,3127
1750244906.1793602,2772
1750244906.1794453,2475
1750244906.1795304,2091
1750244906.1807194,1726
1750244906.180792,1815
1750244906.1808598,2498
1750244906.180938,3320
1750244906.1810045,3710
1750244906.18107,3584
1750244906.1811373,3194
1750244906.1812034,2831
1750244906.181269,2525
1750244906.181335,2147
1750244906.181401,1738
1750244906.1814663,1734
1750244906.1815324,2360
1750244906.1815982,3244
1750244906.1816628,3749
1750244906.181728,3683
1750244906.1817942,3277
1750244906.1818597,2880
1750244906.1819255,2581
1750244906.18218,2245
1750244906.1822512,1823
1750244906.1823163,1700
1750244906.1823816,2200
1750244906.1824472,3084
1750244906.182513,3690
1750244906.18258,3723
1750244906.1826468,3349
1750244906.1827123,2943
1750244906.1827774,2640
1750244906.1828527,2336
1750244906.1829247,1913
1750244906.1829982,1695
1750244906.1830728,2067
1750244906.1831477,2907
1750244906.1832218,3579
1750244906.1832957,3709
1750244906.1833694,3402
1750244906.1834433,3008
1750244906.1835172,2692
1750244906.18359,2374
1750244906.183648,1936
1750244906.18372,1649
1750244906.1837943,1944
1750244906.1926048,2781
1750244906.1927013,3542
1750244906.2042353,3754
1750244906.2043147,3469
1750244906.204389,3042
1750244906.2044625,2706
1750244906.204537,2418
1750244906.2046068,2028
1750244906.2046795,1696
1750244906.2047536,1863
1750244906.2048275,2607
1750244906.2049003,3408
1750244906.2049732,3735
1750244906.2050464,3555
1750244906.205119,3153
1750244906.2051916,2790
1750244906.206598,2476
1750244906.2066736,2082
